"","Accuracy","Precision","Recall"
"1",0.956140350877193,0.98,0.924528301886792
